{
  "project_info": {
    "project_number": "52017398975",
    "firebase_url": "https://refereeapp-97ace.firebaseio.com",
    "project_id": "refereeapp-97ace",
    "storage_bucket": "refereeapp-97ace.appspot.com"
  },
  "client": [
    {
      "client_info": {
        "mobilesdk_app_id": "1:52017398975:android:0dab4ebbae3a7b5acbf20a",
        "android_client_info": {
          "package_name": "com.example.refereemaster"
        }
      },
      "oauth_client": [
        {
          "client_id": "52017398975-dld5a2u5h1rg0pgks4rnovhpe1rcj3hr.apps.googleusercontent.com",
          "client_type": 3
        }
      ],
      "api_key": [
        {
          "current_key": "AIzaSyAMz-YFQcUMpJlxBImtfpahs1aGmjWvOB4"
        }
      ],
      "services": {
        "appinvite_service": {
          "other_platform_oauth_client": [
            {
              "client_id": "52017398975-dld5a2u5h1rg0pgks4rnovhpe1rcj3hr.apps.googleusercontent.com",
              "client_type": 3
            }
          ]
        }
      }
    }
  ],
  "configuration_version": "1"
}